nomCru;country_label;subregion_label;area_label;label;millesime;volume;date_achat;prix;cote;quantite_courante;quantite_achat;garde_min;garde_max;garde_optimum;suggestion;comment;lieu_achat;canal_vente
A. Chauvet - Cachet Rouge - Millésimé;France;Champagne;Champagne Grand Cru;blanc effervescent;2008;75 cl;11.03.16;28;28;2;3;2;10;2;;;salon de la gastro Annecy le vieux;En direct du producteur
A. Chauvet - Cachet Vert;France;Champagne;Champagne;blanc effervescent;-;75 cl;11.03.16;17.8;17.8;2;3;2;10;2;;à boire avant 2018;salon de la gastro Annecy le vieux;En direct du producteur
A. Chauvet - Grand Rosé;France;Champagne;Champagne;rosé effervescent;2007;75 cl;11.03.16;28;28;2;3;2;10;2;;;salon de la gastro Annecy le vieux;En direct du producteur
Aalto;Espagne;Castille-Leon;Ribera del Duero;rouge;2013;75 cl;20.04.16;27.5;27.5;2;3;1;5;1;Rôtis / viandes rouges / pot-au-feu / agneau aux fines herbes / jambon / charcuteries;tempranillo. Oenologue Mariano García (Vega Sicilia).. Robe :Intense / sombre / brillant / robe intense. Nez : Arômes fruités / arômes de fleurs / réglisse / encens / épices / frais / vanille / moka / tabac / notes minérales / harmonieux / persistant. Bouche : Intense / ample / élégant / fruité / charnu / corpulent / enveloppant / crémeux / long;Vinissimus;Achat sur Internet
Aalto;Espagne;Castille-Leon;Ribera del Duero;rouge;2014;75 cl;01.12.16;29.9;29.9;6;6;2;16;9;carré d'agneau et gratin dauphinois, entrecôte bordelaise;"ouvrir &amp;h avant et carafer";1jour1vin;Achat sur Internet
Alain Brumont, Vendémiaire;France;Sud-Ouest;Pacherenc du Vic Bilh;blanc liquoreux;2008;50 cl;25.08.13;10.85;10.85;2;3;3;12;3;;;Chateau Montus - Par Franck et Cécile;En direct du producteur
Alfred Rothschild et Cie - Brut Grande Réserve;France;Champagne;Champagne;blanc effervescent;-;75 cl;18.03.17;0;0;1;1;2;10;2;;pour mon anniversaire 2017;offert par Maryse;Cadeau
Alion;Espagne;Castille-Leon;Ribera del Duero;rouge;2012;75 cl;20.04.16;48.9;48.9;2;2;1;5;1;;maison fondée par Vega Sicilia en 1991. Très grand vin immédiatement reconnu et plébiscité par la critique (Parker, Penin). Vin élaboré à partir de la variété Tinto fino. Elevage en fût de 14 à 20 mois+15 mois en bouteille.;Vinissimus;Achat sur Internet
Barbeito - Rainwater Reserva - Medium dry;Portugal;Madeira;Terras Madeirenses;vin blanc muté;-;75 cl;21.05.16;0;15;1;1;1;15;1;Excellent as an aperitif, with salted nuts, olives, tapas, consomme?cheese.. servir frais 11° ou 12°;Gold colour.. Quite aromatic!. Caramel, nuts, almonds, candied fruits. Full,extreme softness. Longfresh.. ;offert par Franck et Cécile;Cadeau
Ben Glaetzer - Bishop;Australie;Australie Méridionale;Barossa Valley;rouge;2010;75 cl;13.12.12;22;22;1;2;1;10;5;;Le nez est profond avec des fruits compotés ,des arômes de havane, la réglisse,le poivre et l'eucalyptus.La bouche est pleine,visqueuse avec une sensation veloutée délicieuse.La finale rappelle la figue,les fruits noirs ;caveprivée.com;Achat sur Internet
Bertrand Machard de Gramont;France;Bourgogne;Vosne-Romanée;rouge;2013;75 cl;26.02.16;32;32;3;3;6;15;6;;;Foire d'Annemasse;Salon de vignerons
Bertrand Machard de Gramont - Les Terrasses des Vallerots;France;Bourgogne;Nuits Saint Georges;rouge;2011;75 cl;26.02.16;23;23;5;6;4;8;4;;;Foire d'Annemasse;Salon de vignerons
Bodegas Aalto - PS;Espagne;Castille-Leon;Ribera del Duero;rouge;2008;75 cl;04.10.11;25;25;1;3;3;13;3;avant 2021;Âge des vignes : plus de 60 ans.. Terroir : Les raisins proviennent de nombreuses parcelles du domaine, au sol argilo-calcaire.. Vinification :En cuves tronconiques inox.. Vinification des parcelles séparées.. Élevage : 23 mois en barriques de chêne dont 50 % neuves et 50 % d?un vin.. Assemblage avant la mise en bouteilles.. Pas de filtration.;Caveprivée.com;Achat sur Internet
Bodegas Vega Sicila Unico;Espagne;Castille-Leon;Ribera del Duero;rouge;2008;75 cl;20.04.16;259.05;259.05;1;1;20;40;25;;;Vinissimus;Achat sur Internet
Bodegas Vega Sicila Unico;Espagne;Castille-Leon;Ribera del Duero;rouge;1965;75 cl;07.10.16;220;220;1;1;10;50;10;;;ebay;Enchères en ligne
Camin Larredya - La Part Davant;France;Sud-Ouest;Jurançon Sec;blanc;2012;75 cl;09.11.13;0;0;1;1;2;5;2;;;offert par Gaelle et Sébastien;Cadeau
Cave de Ribeauvillé - Grand Cru Osterberg;France;Alsace et Lorraine;Alsace Gewurztraminer;blanc moëlleux;2006;75 cl;07.07.13;0;25;1;1;2;10;2;;;offert par Alain et Paula;Cadeau
Chanoine Frères - Tsarine Brut;France;Champagne;Champagne;rosé effervescent;-;75 cl;29.12.16;0;0;1;1;2;10;2;;;offert par Maryse Noël 2016;Cadeau
Château Bouscassé - Vieilles Vignes;France;Sud-Ouest;Madiran;rouge;2009;75 cl;25.08.13;26.85;26.85;1;1;4;12;4;;;Chateau Montus - Par Franck et Cécile;En direct du producteur
Château Canon-La-Gaffelière;France;Bordeaux;Saint Emilion Grand Cru;rouge;2014;75 cl;23.11.15;48.15;48.15;6;6;4;25;4;;avec Pierre Tatzber;Primeurs de la Coop;Grande surface
Château Carbonnieux;France;Bordeaux;Pessac-Léognan;blanc;2006;75 cl;27.06.09;23.5;23.5;1;2;2;12;0;;Carrefour;;Non défini
Château Climens;France;Bordeaux;Barsac;blanc liquoreux;1997;75 cl;18.02.10;90;80;1;1;10;30;20;;pour Anniversaire Rémi... les 18 ou 20 ans !;ebay;Achat sur Internet
Château Coulané;France;Sud-Ouest;Madiran;rouge;2008;75 cl;29.09.12;6.5;6.5;1;1;4;12;4;;;carrefour market Cruseilles;Grande surface
Château d'Arlus - Perlé;France;Sud-Ouest;Gaillac;blanc;2012;75 cl;18.10.15;0;0;1;1;1;4;1;;pas la bonne fiche mais c'est pas grave;offert par Flo et Mab;Cadeau
Château d'Armajan des Ormes;France;Bordeaux;Sauternes;blanc liquoreux;2002;75 cl;15.07.07;19;19;2;4;5;30;0;;Acheté à la maison du Sauternes, à Sauternes;;Non défini
Château d'Yquem;France;Bordeaux;Sauternes;blanc liquoreux;2002;75 cl;22.06.09;135;135;1;1;18;50;0;;Pour les 20 ou 30 ans ???;;Non défini
Château de Fontenelles - Cuvé Renaissance;France;Languedoc-Roussillon;Corbières;rouge;2011;75 cl;25.01.15;0;0;1;1;2;5;4;;;offert par Eric;Non défini
Château de Meursault - 1er Cru;France;Bourgogne;Meursault;blanc;2009;75 cl;12.06.11;27;27;1;3;5;15;5;;;Par Yves Ruaux;En direct du producteur
Château de Savigny-lès-Beaune;France;Bourgogne;Meursault;blanc;2009;75 cl;11.03.16;20;20;2;3;3;15;9;;;salon de la gastro Annecy le vieux;Salon de vignerons
Château de Savigny-lès-Beaune - Les Duresses;France;Bourgogne;Monthélie;blanc;2014;75 cl;11.03.16;14;14;3;3;2;4;2;;;salon dela gastro Annecy le vieux;Salon de vignerons
Château des Eyrins;France;Bordeaux;Margaux;rouge;2009;75 cl;24.12.11;25;25;5;6;6;10;10;;plage de consommation trouvée sur Internet le Figaro Vins;En primeur par Vito;Caviste
Château du Hureau - Cuvée Lisagathe;France;Vallée de la Loire;Saumur-Champigny;rouge;2009;75 cl;03.07.11;17;17;2;3;5;15;5;;;Dampière sur Loire;En direct du producteur
Château Fonroque;France;Bordeaux;Saint Emilion Grand Cru;rouge;2010;75 cl;21.09.16;25;25;6;6;4;25;4;;;idealwine par Franck;Vente par correspondance
Château Giscours;France;Bordeaux;Margaux;rouge;2014;75 cl;18.09.16;37;37;3;3;4;25;4;;fav 2016 Auchan;Auchan;Non défini
Château Labégorce;France;Bordeaux;Margaux;rouge;2009;75 cl;24.09.11;19.95;19.95;3;3;4;25;4;;FAV 2011;carrefour market Cruseilles;Grande surface
Château Laborderie Mondésir;France;Bordeaux;Lalande de Pomerol;rouge;2010;75 cl;15.04.17;19.3;19.3;3;3;5;25;5;;;Foire aux vins Cruseilles;En direct du producteur
Château Lafaurie-Peyraguey;France;Bordeaux;Sauternes;blanc liquoreux;1997;75 cl;15.07.07;55;55;2;2;5;30;0;;pour l'anniversaire des 20 ans de Rémi... en 2017 !;;Non défini
Château Lafon-Rochet;France;Bordeaux;Saint Estèphe;rouge;2012;75 cl;11.09.14;28.9;28.9;3;3;10;25;10;;;FAV Auchan 2014;Grande surface
Château Lagrange;France;Bordeaux;Saint Julien;rouge;2007;75 cl;13.03.11;0;0;1;2;4;25;4;;;FAV 2010;Grande surface
Château Lagrange;France;Bordeaux;Pomerol;rouge;2014;75 cl;18.09.16;29;29;3;3;5;30;5;;FAV Auchaun 2016;Auchan;Grande surface
Château Langoa Barton;France;Bordeaux;Saint Julien;rouge;2014;75 cl;23.11.15;34.4;34.4;6;6;4;25;4;;avec Pierre Tatzber;Primeurs de la Coop;Grande surface
Château Léoville Barton;France;Bordeaux;Saint Julien;rouge;2004;75 cl;12.09.09;53;53;2;2;4;25;0;FAV Carrefour online;Robe rubis, jeune mais non violacée. Impression fraîche au nez, légèrement mentholé, puis fruité, dominé par le cassis et la groseille et gagnant à l?aération des notes épicées. L?attaque est assez franche, l?acidité présente au premier abord, de même que;;Non défini
Château Les Barraillots;France;Bordeaux;Margaux;rouge;2008;75 cl;16.04.12;0;13.5;2;2;4;15;10;;;offert par Anne-Marie Bouchet pour mon aide sur son PC;Cadeau
Château Lynch Bages;France;Bordeaux;Pauillac;rouge;2014;75 cl;23.11.15;68.8;68.8;3;3;4;25;4;;Primeurs COOP, avec Pierre Tatzber;Primeurs de la Coop;Grande surface
Château Lynch Bages;France;Bordeaux;Pauillac;rouge;2000;75 cl;07.09.16;120;154;1;1;4;25;20;;;ebay;Enchères en ligne
Château Meyney;France;Bordeaux;Saint Estèphe;rouge;2014;75 cl;23.11.15;20.64;20.64;6;6;4;30;4;;;primeurs avec Pierre Tatzber;Grande surface
Château Musar;Liban;Vallée de la Bekaa;Vallée de la Bekaa;rouge;1997;75 cl;01.07.08;48;48;2;2;10;20;0;Bonnes années Musar: 1961,1964, 1967, 1970, 1972, 1977, 1981,1988, 1991,1993, 1997;pour les 20 ans de Rémi ???;;Non défini
Château Musar;Liban;Vallée de la Bekaa;Vallée de la Bekaa;blanc;2001;75 cl;13.10.09;20;20;1;3;7;20;0;excellent sur cuisine du monde, épicée.;Fin wine world. ;;Non défini
Château Musar;Liban;Vallée de la Bekaa;Vallée de la Bekaa;rouge;2007;75 cl;22.04.15;29;29;3;3;1;20;1;;Qoqa;;Achat sur Internet
Château Phélan Ségur;France;Bordeaux;Saint Estèphe;rouge;2005;75 cl;10.09.09;30.91;30.91;1;2;4;20;0;Carrefour online lors de la foire 09-2009;"notes de cèdre très élégantes et fraiches pour ce millésime de Cabernet, tanin racé, forme ample mais longiligne, grand avenir.. entre 2009 et 2025. 17 / 20 B&amp;D";;Non défini
Château Pont-Cloquet;France;Bordeaux;Pomerol;rouge;1999;75 cl;15.04.17;29.3;29.3;3;3;5;30;5;;;Foire aux vins Cruseilles;En direct du producteur
Château Pontet-Canet;France;Bordeaux;Pauillac;rouge;2004;75 cl;10.09.09;35;35;1;2;4;25;0;;FAV Carrefour 09-2009;;Non défini
Château RIOUCREUX CHANTELOUP;France;Bordeaux;Côtes de Bourg;rouge;2011;1,5 l;25.12.12;0;0;1;1;4;10;4;;Noël 2012;offert par Eric;Cadeau
Château Saint Louis;France;Sud-Ouest;Fronton;rouge;2011;75 cl;20.07.14;0;0;1;1;3;10;3;;offert par Oliver (copain de Franck) car je lui ai avancé des sous pour retourner en Autriche car il avait bloqué sa carte Visa;offert par Oliver (copain à Franck);Cadeau
Château Saint-Go;France;Sud-Ouest;Saint-Mont;rouge;2013;75 cl;18.09.16;6.95;6.95;3;3;2;6;2;;FAV Auchan 2016;Auchan;Grande surface
Château Sainte-Marguerite;France;Provence-Corse;Côtes de Provence;rouge;2012;75 cl;21.04.14;0;0;1;1;2;6;2;;;offert par Alain et Paula;Cadeau
Château Sociando Mallet;France;Bordeaux;Haut-Médoc;rouge;2008;75 cl;12.09.10;19.9;19.9;3;3;5;20;5;;;FAV Auchan 2010;Grande surface
Château Suduiraut;France;Bordeaux;Sauternes;blanc liquoreux;2002;37,5 cl;28.11.12;25;25;1;2;5;30;20;;;Caveprivee ;Achat sur Internet
Château Tour Grand Faurie;France;Bordeaux;Saint Emilion Grand Cru;rouge;2009;75 cl;10.11.12;18.8;18.8;3;3;6;25;18;;;Foire aux vins Sevrier;En direct du producteur
Château Valentin;France;Bordeaux;Sainte Croix du Mont;blanc liquoreux;2006;75 cl;02.05.09;17;17;1;1;1;5;0;;Foire de la roche;;Non défini
Château Ventenac - La Réserve de Jeanne;France;Languedoc-Roussillon;Cabardès;rouge;2012;75 cl;08.03.15;0;0;1;2;2;8;2;;;offert par Alain et Paula;Cadeau
Christian Dolder - Grand Cru Zotzenberg;France;Alsace et Lorraine;Alsace Gewurztraminer;blanc;2011;75 cl;07.05.14;9.5;9.5;1;6;1;8;4;;;via gite chez Dany en Alsave;En direct du producteur
Christophe Abbet - Ambre;Suisse;Valais;Martigny;blanc liquoreux;1997;50 cl;14.09.08;50;50;1;2;5;25;0;;Acheté directement à Christophe Abbet.. Excellentissime !. Semblerait être ce qui ressemble le plus à un Yquem...;;Non défini
Christophe Abbet - Ambre;Suisse;Valais;Martigny;blanc liquoreux;2002;37,5 cl;12.03.11;44;44;1;2;1;40;15;;;Martigny, Valais, Suisse;En direct du producteur
Christophe Abbet - Avasiers;Suisse;Valais;Valais;rouge;2006;50 cl;25.10.13;16;16;1;1;1;10;1;;;lavinia Genève;Caviste
Christophe Abbet - Gamay de Fully;Suisse;Valais;Fully;rouge;2009;75 cl;12.03.11;16;16;2;6;1;15;8;;équipé pour traverser le temps d'après C. Abbet;Martigny, Valais, Suisse;En direct du producteur
Christophe Abbet - Humagne rouge;Suisse;Valais;Martigny;rouge;2009;75 cl;12.03.11;21;21;2;3;1;15;10;;;Martigny, Valais, Suisse;En direct du producteur
Christophe Abbet - L'air du temps;Suisse;Valais;Valais;blanc;1999;50 cl;05.03.09;54;54;1;1;3;20;0;LAVINIA GENEVE;;;Non défini
Christophe Abbet - L'air du temps;Suisse;Valais;Valais;blanc;2007;75 cl;10.08.13;30;30;3;6;5;15;5;;100% Marsanne;Martigny;En direct du producteur
Christophe Abbet - La Bourrigne;Suisse;Valais;Valais;blanc;2013;75 cl;28.01.17;19;19;1;1;1;7;1;;;Lavinia Genève;Caviste
Christophe Abbet - Syrah;Suisse;Valais;Valais;rouge;2007;75 cl;23.11.08;18.5;18.5;1;2;2;10;0;;Très séduisante déjà bien que jeune.. La 2001 est très surprenante (positivement: tanins très findus, rondeur, bel ensemble et très porté sur le fruit) mais élevée différemment (2001 barrique).. Voir ce aue cela donnera en 2014... si on peut !;;Non défini
Christophe Abbet - Syrah;Suisse;Valais;Valais;rouge;2009;75 cl;12.03.11;21;21;2;4;1;20;10;;équipée pour traverser le temps;Martigny, Valais, Suisse;En direct du producteur
Clos du Marquis;France;Bordeaux;Saint Julien;rouge;2006;75 cl;18.09.11;32.5;32.5;2;2;4;25;4;;FAV 09/2011;Auchan;Grande surface
Clos Sainte Magdeleine;France;Provence-Corse;Cassis;blanc;2014;75 cl;17.09.16;0;0;1;1;2;5;2;;;offert par Eric;Cadeau
Couly-Dutheil - Clos de l'Echo;France;Vallée de la Loire;Chinon;rouge;2008;75 cl;01.01.12;0;15;1;1;3;10;3;;acheté chez Nicolas;Cadeau de noël 2011 parents;Caviste
Cristal de Louis Roederer;France;Champagne;Champagne Grand Cru;blanc effervescent;2006;75 cl;18.03.14;0;0;1;1;2;20;9;Anniv Rémi ou Titi pour 18 ans ?;acheté chez Lavinia.;cadeau des 45 ans par Nath;Cadeau
Domaine  Belluard - Le Feu;France;Savoie, Dauphiné et Bugey;Vin de Savoie;blanc;2011;75 cl;11.11.12;20;20;1;3;2;10;2;;;directement chez Belluard;En direct du producteur
Domaine  Belluard - Le Feu;France;Savoie, Dauphiné et Bugey;Vin de Savoie;blanc;2014;75 cl;21.11.15;21.6;21.6;3;3;1;12;8;;;chez Belluard;En direct du producteur
Domaine A. et P. De Villaine - 1er cru Grésigny;France;Bourgogne;Rully;blanc;2014;75 cl;25.02.17;25;25;3;3;5;15;10;;Au delà des arômes de pêche, d'abricot  et de ses notes boisées que l'on perçoit au nez délicates, sa naturelle finesse, son élégance et sa minéralité fruité lui assureront un vieillissement au-delà de 10 ans.. ;Bouzeron;Non défini
Domaine A. et P. de Villaine - 1er cru Passetemps;France;Bourgogne;Santenay;rouge;2012;75 cl;15.01.15;25;25;3;3;4;20;4;;;Bouzeron;En direct du producteur
Domaine A. et P. De Villaine - Les Clous;France;Bourgogne;Bourgogne Côte Chalonnaise;blanc;2013;75 cl;15.01.15;16;16;1;3;2;8;2;;;Bouzeron;En direct du producteur
Domaine A. et P. De Villaine - Les Montots;France;Bourgogne;Mercurey;rouge;2013;75 cl;15.01.15;19;19;1;3;3;8;3;;;Bouzeron;En direct du producteur
Domaine A. et P. De Villaine - Les Saint Jacques;France;Bourgogne;Rully;blanc;2013;75 cl;15.01.15;17.5;17.5;1;9;2;8;2;;;Bouzeron;En direct du producteur
Domaine A. et P. De Villaine - Les Saint Jacques;France;Bourgogne;Rully;blanc;2015;75 cl;25.02.17;17.5;17.5;6;6;2;15;7;;;Bouzeron;En direct du producteur
Domaine A. et P. De Villaine - Les Saint Jacques;France;Bourgogne;Rully;blanc;2014;75 cl;25.02.17;18;18;3;3;2;15;7;;;Bouzeron;En direct du producteur
Domaine Abbaye de Valbonne;France;Languedoc-Roussillon;Collioure;blanc;2009;75 cl;15.11.14;0;0;1;1;1;5;1;;;offert par Flo et Mab;Cadeau
Domaine Alain Gras;France;Bourgogne;Saint Romain;blanc;2015;75 cl;25.02.17;20.5;20.5;6;6;3;10;5;;passe pour être un des meilleurs vignerons du coin (St Aubin, Auxey Duresses et St Romain);Caveau de St Aubin;En direct du producteur
Domaine Alain Gras - Très Vieilles Vignes;France;Bourgogne;Auxey-Duresses;rouge;2015;75 cl;25.02.17;23;23;3;3;3;10;5;;passe pour être un superbe vin;Caveau de St Aubin;En direct du producteur
Domaine André et Mireille Tissot - Sélection;France;Jura;Arbois;blanc;2004;1,5 l;24.07.09;21.6;21.6;1;1;5;25;0;;;;Non défini
Domaine Barraud - Mâcon-Chaintré - Les Pierres Polies;France;Bourgogne;Mâcon Villages;blanc;2014;75 cl;26.02.16;8.5;8.5;2;6;2;5;2;;;Foire d'Annemasse;Salon de vignerons
Domaine Belluard -  Ayse - Mont Blanc - Brut Zéro;France;Savoie, Dauphiné et Bugey;Vin de Savoie Ayze;blanc effervescent;2011;75 cl;07.08.15;16;16;1;6;1;5;1;;;Ayse;En direct du producteur
Domaine Belluard - Les Alpes;France;Savoie, Dauphiné et Bugey;Vin de Savoie;blanc;2014;75 cl;21.11.15;16;16;5;6;1;10;6;;;chez Belluard;En direct du producteur
Domaine Belluard - Les perles du Mont Blanc;France;Savoie, Dauphiné et Bugey;Vin de Savoie-Ayze;blanc effervescent;2011;75 cl;07.08.15;9;9;1;3;1;4;1;;;Ayse;Non défini
Domaine Belluard - Mondeuse;France;Savoie, Dauphiné et Bugey;Vin de Savoie;rouge;2011;75 cl;11.11.12;14;14;3;3;2;12;2;;;directement chez Belluard;En direct du producteur
Domaine Bernard Baudry;France;Vallée de la Loire;Chinon;blanc;2014;75 cl;24.04.16;0;12;1;1;3;6;3;poissons, crustacés;Sur l'unique hectare de vigne, les sols argilo-calcaire sont labourés sans utilisation de désherbants chimiques. Ils reçoivent une fumure à base de compost végétal et animal.. Vendanges : Manuelles.. Vinification : Pressurage assez long dans un pressoir pneumatique. Léger débourbage et fermentation en barriques sans utilisation de levures.;offert par Alain et Paula;Cadeau
Domaine Bernard Baudry - La Croix Boissée;France;Vallée de la Loire;Chinon;rouge;2008;75 cl;29.07.11;14.8;14.8;4;6;5;15;10;Appelle la chasse !;la cuvée haut de gamme du domaine. A laisser mûrir en cave.;Cravant Les Coteaux;En direct du producteur
Domaine Bernard Baudry - Le Clos Guillot;France;Vallée de la Loire;Chinon;rouge;2009;75 cl;29.07.11;11.5;11.5;2;3;5;12;7;Le Clos Guillot est un vin raffiné. Ses arômes de griottes et de fruits noires le font parfois « pinoter » certaines années. Le vin est d'une belle longueur et reste très frais en bouche.;Vendange manuelle. Fermentation de 15 jours en cuves en bois avec pigeages réguliers. Elevage de 12 mois en barriques de « 2 à 5 vins »;Cravant Les Coteaux;En direct du producteur
Domaine Bernard Baudry - Les Grézeaux;France;Vallée de la Loire;Chinon;rouge;2009;1,5 l;29.07.11;20.6;20.6;1;1;10;15;10;"&quot;Les Grézeaux&quot; est un vin concentré avec une matière dense mais toujours soyeuse due à l'influence des graviers. Il peut vieillir 10 ans voire beaucoup plus dans les grandes années.";Parcelle la plus âgée du domaine (vignes de 50 ans).. Vinification/élevage : Vendange manuelle. Fermentation en cuves ciments de 15 à 25 jours. Elevage de 12 mois en barriques de 3 à 5 ans d'âge.;Cravant Les Coteaux;En direct du producteur
Domaine Christophe Vaudoisey - 1er Cru Clos des Chênes;France;Bourgogne;Volnay;rouge;2015;75 cl;25.02.17;28;0;3;3;5;15;5;;;Volnay;En direct du producteur
Domaine Christophe Vaudoisey - 1er Cru Les Chanlins;France;Bourgogne;Pommard;rouge;2015;75 cl;25.02.17;28;26;3;3;5;25;10;;;Volnay;En direct du producteur
Domaine Christophe Vaudoisey - 1er Cru les Mitans;France;Bourgogne;Volnay;rouge;2015;75 cl;25.02.17;28;28;3;3;5;15;7;;;Volnay;En direct du producteur
Domaine Christophe Vaudoisey - Les Vireuils;France;Bourgogne;Meursault;blanc;2015;75 cl;25.02.17;22;22;3;3;3;15;8;;;Volnay;En direct du producteur
Domaine Combier;France;Vallée du Rhône;Crozes-Hermitage;rouge;2010;75 cl;19.06.11;0;0;1;1;2;5;4;;offert par Nath, fête des pères 2011;Saveurs d'ici et d'ailleurs;Caviste
Domaine Comtesse Eldegarde - Cabernet Franc;Suisse;Genève;Satigny;rouge;2013;75 cl;30.08.15;0;0;1;1;1;5;1;;;offert par Pierre Tatzber;Cadeau
Domaine Comtesse Eldegarde - Gamaret;Suisse;Genève;Satigny;rouge;2013;75 cl;25.09.16;25;25;3;3;5;10;5;;;par Pierre Tatzber;En direct du producteur
Domaine Comtesse Eldegarde - Syrah;Suisse;Genève;Satigny;rouge;2012;75 cl;15.04.17;0;0;1;1;1;5;1;;;Offert par Pierre Tatzber;Cadeau
Domaine Cros - Les Aspres;France;Languedoc-Roussillon;Minervois;rouge;2012;75 cl;23.12.15;0;0;1;1;2;5;2;;;offert par Christine Fuss;Cadeau
Domaine de Bellivière - Calligramme;France;Vallée de la Loire;Jasnières;blanc;2008;75 cl;09.04.10;22;22;1;3;4;15;7;fruits de mer plutôt fin voire avec un curry selon les années;- Carafer de préférence 1h avant. - Servir à 9-13°C.. ;en direct du producteur, primeurs;En direct du producteur
Domaine de Bellivière - Calligramme;France;Vallée de la Loire;Jasnières;blanc;2006;75 cl;14.05.15;28;28;2;3;4;15;4;;blanc sec sur ce millésime;par Franck;Caviste
Domaine de Bellivière - Calligramme;France;Vallée de la Loire;Jasnières;blanc;2014;75 cl;22.11.15;29;29;6;6;4;20;12;;commandé directement en primeur total 366 déjà réglé 183 solde à réception;commandé au domaine en primeur;En direct du producteur
Domaine de Bellivière - Franc de pied;France;Vallée de la Loire;Jasnières;blanc;2015;75 cl;24.10.16;35;35;3;3;2;10;8;- Accord mets: homard sauce xérès et cacao. . - A boire dans les 8 à 10 ans. . - Ouvrir et servir entre 10° et 12°, voire légèrement carafé.;Achat en primeur - reste 153 à payer. 2ème millésime pour ce franc de pied (2009 - 2015). ;Achats en primeur;En direct du producteur
Domaine de Bellivière - Haut Rasné;France;Vallée de la Loire;Côteaux du Loir;blanc moëlleux;2002;75 cl;27.07.13;20;20;1;2;10;20;10;;;Domaine de Bellivière, Lhomme;Non défini
Domaine de Bellivière - Hommage à Louis Derré;France;Vallée de la Loire;Côteaux du Loir;blanc;2011;75 cl;27.07.13;29;29;2;3;10;15;10;;;Domaine de Bellivière, Lhomme;En direct du producteur
Domaine de Bellivière - Hommage à Louis Derré;France;Vallée de la Loire;Côteaux du Loir;rouge;2015;75 cl;24.10.16;24.5;24.5;3;3;3;10;5;- Service: à carafer une bonne heure avant de servir à 18°C.. - Accord Mets: perdreaux et faisans en cocotte. Accord avec un ossau iraty (fromage de brebis de haute montagne) affiné deux ans (accord de Mme Abadie, L?Amphitryon à Lorient);La cuvée « Hommage à Louis Derré » est une cuvée créée en 2000 provenant des vignes âgées de 80 à 100 ans. Cette cuvée allie le travail d'extraction habituel à la concentration et la complexité liées à l'âge des vignes.;Achats en primeur;En direct du producteur
Domaine de Bellivière - L'Effraie;France;Vallée de la Loire;Côteaux du Loir;blanc;2014;75 cl;22.11.15;15;15;6;6;3;10;7;;achat en primeur total commande 366 déjà réglé 183 reste à la livraison;commandé au domaine en primeur;En direct du producteur
Domaine de Bellivière - Le Rouge-Gorge;France;Vallée de la Loire;Côteaux du Loir;rouge;2010;75 cl;27.07.13;19;19;2;6;3;10;5;;apogée 2015 2018;Domaine de Bellivière, Lhomme;En direct du producteur
Domaine de Bellivière - Les Rosiers;France;Vallée de la Loire;Jasnières;blanc;2007;75 cl;14.05.15;19;19;1;3;4;15;4;;blanc sec sur ce millésime;par Franck;Caviste
Domaine de Bellivière - Les Rosiers;France;Vallée de la Loire;Jasnières;blanc;2014;75 cl;22.11.15;17;17;5;6;4;15;8;;commandé directement en primeur total 366 déjà réglé 183 solde à réception;commandé au domaine en primeur;En direct du producteur
Domaine de Bellivière - Les Rosiers;France;Vallée de la Loire;Jasnières;blanc;2015;75 cl;24.10.16;17.5;17.5;3;3;4;15;12;;Achat en primeur - reste 153 à payer;Achats en primeur;En direct du producteur
Domaine de Bellivière - Vieilles Vignes Eparses;France;Vallée de la Loire;Côteaux du Loir;blanc;2015;75 cl;24.10.16;24;24;3;3;3;15;10;;Achat en primeur - reste 153 à payer;Achats en primeur;En direct du producteur
Domaine de Cristia;France;Vallée du Rhône;Côtes du Rhône Villages;rouge;2015;75 cl;18.03.17;0;1;1;1;2;5;2;;;offert par Eric pour mes 48 ans;Non défini
Domaine de Cristia;France;Vallée du Rhône;Châteauneuf du Pape;rouge;2014;75 cl;18.03.17;0;0;1;1;3;10;3;;;offert par Eric pour mes 48 ans;Cadeau
Domaine de Foncalpre;France;Sud-Ouest;Monbazillac;blanc liquoreux;1988;75 cl;24.03.12;21.6;21.6;1;2;3;40;25;;;foire aux vins Cruseilles 03-2012;Salon de vignerons
Domaine de la Biscarelle;France;Vallée du Rhône;Châteauneuf du Pape;rouge;2011;75 cl;24.03.13;17;17;3;3;5;15;5;;;salon des vins de Cruseilles;Salon de vignerons
Domaine de la Pinte - Melon à Queue Rouge;France;Jura;Arbois-Pupillin;blanc;2008;75 cl;26.11.11;16;16;1;3;2;8;2;;variété de Chardonnay plus aromatique;Arbois;En direct du producteur
Domaine de la Taille aux Loups - Clos de la Bretonnière;France;Vallée de la Loire;Vouvray;blanc;2011;75 cl;21.01.13;15;15;2;3;3;8;3;;Un vouvray strict et tendu qui fera merveille sur toutes les viandes blanches rôties et un poisson à la crème.;idealwine;Achat sur Internet
Domaine de la Taille aux Loups - Clos Mosny;France;Vallée de la Loire;Montlouis-sur-Loire;blanc;2011;75 cl;21.01.13;18;18;1;3;2;10;2;;Un chenin minéral qui accompagnera bien la viande de veau mais aussi de volailles ou du poisson à la crème.;idealwine;Achat sur Internet
Domaine de Miscaron;France;Savoie, Dauphiné et Bugey;Vin de Savoie Chignin-Bergeron;blanc;2009;75 cl;14.03.10;0;0;2;12;1;10;5;;offert par C+JC pour mon anniversaire (41 ans);Tormery;Cadeau
Domaine de Montcy;France;Vallée de la Loire;Cheverny;rouge;2013;75 cl;16.01.16;0;0;1;1;2;5;2;;;cadeau de Nath;Epicerie fine
Domaine de Mourchon;France;Vallée du Rhône;Châteauneuf du Pape;rouge;2010;75 cl;23.10.14;25;25;2;3;3;14;8;;;Seguret;En direct du producteur
Domaine de Mourchon - Family Reserve;France;Vallée du Rhône;Côtes du Rhône Villages;rouge;2010;75 cl;23.10.14;22.5;22.5;3;3;2;10;7;;;;Non défini
Domaine de Mourchon Grande Réserve;France;Vallée du Rhône;Séguret;rouge;2012;75 cl;23.10.14;16.5;16.5;3;6;2;5;2;;;Seguret;En direct du producteur
Domaine de Vens - Mondeuse noire;France;Savoie, Dauphiné et Bugey;Vin de Savoie;rouge;2011;75 cl;16.06.13;0;13.5;2;2;2;5;2;;;Fête des pères 2013;Cadeau
Domaine Deleuze-Rochetin - Saba Grande Vigne;France;Languedoc-Roussillon;Vin de Pays d'Oc;rouge;2013;75 cl;09.08.15;0;0;1;1;1;3;1;;acheté en direct;offert par Cécile Dekeyser;Cadeau
Domaine des Forges;France;Vallée de la Loire;Côteaux du Layon 1er Cru Chaume;blanc liquoreux;2007;75 cl;30.10.08;10;10;1;1;4;25;0;Attendre...;Vignerons indépendants Lyon;;Non défini
Domaine des Forges - Les Onnis;France;Vallée de la Loire;Côteaux du Layon 1er Cru Chaume;blanc liquoreux;2007;75 cl;30.10.08;14.5;14.5;1;1;4;25;0;;Vignerons indépendants Lyon;;Non défini
Domaine Doudet - Corton Maréchaudes;France;Bourgogne;Corton suivi ou non du climat;rouge;2006;75 cl;15.09.09;29.95;29.95;1;2;1;15;0;;FAV Auchan 09-2009;;Non défini
Domaine du Château de Meursault -  1er Cru Les Peuillets;France;Bourgogne;Savigny-Lès-Beaune;rouge;2009;75 cl;12.06.11;14.5;14.5;1;3;3;12;3;;;Par Yves Ruaux;En direct du producteur
Domaine du Clos Naudin - Réserve;France;Vallée de la Loire;Vouvray;blanc moëlleux;2002;75 cl;19.07.10;0;0;1;1;4;20;4;;offert suite à notre visite et à nos achats chez eux;chez le producteur;En direct du producteur
Domaine du Clos Naudin - Réserve;France;Vallée de la Loire;Vouvray;blanc moëlleux;2008;75 cl;04.08.10;20;20;2;2;10;30;25;;;Vouvray, clos Naudin;En direct du producteur
Domaine du Clos Naudin - Réserve;France;Vallée de la Loire;Vouvray;blanc moëlleux;2003;75 cl;04.08.10;24.5;24.5;1;1;4;30;25;;;Vouvray, clos Naudin;En direct du producteur
Domaine du Clos Naudin - Sec;France;Vallée de la Loire;Vouvray;blanc;2008;75 cl;04.08.10;11.7;11.7;1;3;7;20;7;;sur le fruit au départ, tire sur le coté purement minéral après une dizaine d'années. Des arômes de pierre à fusil, quartz.;Vouvray, clos Naudin;En direct du producteur
Domaine du Clos Naudin - Sec;France;Vallée de la Loire;Vouvray;blanc;2012;75 cl;02.06.13;14.8;14.8;2;3;4;20;4;;;commandé chez Foreau;En direct du producteur
Domaine Dupasquier;France;Savoie, Dauphiné et Bugey;Roussette de Savoie Marestel;blanc;2009;75 cl;26.05.12;10;10;1;6;6;15;6;;recommandation Dupasquier, laisser encore 3 ans sans toucher;Jongieux;En direct du producteur
Domaine Dupasquier;France;Savoie, Dauphiné et Bugey;Roussette de Savoie Marestel;blanc;2010;1,5 l;27.08.16;25;25;2;2;1;15;12;;à oublier quelques années !;Aimavigne - Jongieux;En direct du producteur
Domaine Dupasquier;France;Savoie, Dauphiné et Bugey;Roussette de Savoie Marestel;blanc;2012;75 cl;27.08.16;10.8;10.8;5;6;1;15;12;;à oublier quelques années !;Aimavigne - Jongieux;En direct du producteur
Domaine Dupasquier;France;Savoie, Dauphiné et Bugey;Roussette de Savoie Marestel;blanc;2002;75 cl;27.08.16;20.8;20.8;1;2;1;20;15;;pour l'anniversaire des 18 ans de Titouan ?;Aimavigne - Jongieux;En direct du producteur
Domaine Dupasquier - Altesse;France;Savoie, Dauphiné et Bugey;Roussette de Savoie;blanc;2012;75 cl;27.08.16;7.1;7.1;2;6;2;5;2;;;Aimavigne - Jongieux;En direct du producteur
Domaine Dupasquier - Jacquère;France;Savoie, Dauphiné et Bugey;Vin de Savoie;blanc;2013;75 cl;27.08.16;4.6;4.6;1;3;1;4;1;;pour la fondue !;Aimavigne - Jongieux;En direct du producteur
Domaine Dupasquier - Mondeuse;France;Savoie, Dauphiné et Bugey;Vin de Savoie;rouge;2007;75 cl;29.08.10;0;8;1;1;2;5;2;;offert;Chez Dupasquier;En direct du producteur
Domaine Dupasquier - Mondeuse Blanche;France;Savoie, Dauphiné et Bugey;Vin de Savoie;blanc;2013;75 cl;27.08.16;9.5;9.5;2;3;1;7;3;;potentiel de vieillissement à déterminer car réintroduction récente de la mondeuse blanche chez Dupasquier;Aimavigne - Jongieux;En direct du producteur
Domaine Fiumicicoli;France;Provence-Corse;Vin de Corse-Sartène;rouge;2010;75 cl;10.06.12;0;0;1;1;2;5;2;;Ne pas garder trop longtemps;offert par guibbs;Cadeau
Domaine Ganevat - Les Vignes de mon Père;France;Jura;Côtes du Jura;blanc;2004;75 cl;01.08.15;45;45;2;3;11;20;11;;élevé 11 ans, ouillé. le 2004 a été mis en bouteille en 2015.;chez Ganevat via Franck;En direct du producteur
Domaine Gayda Syrah;France;Languedoc-Roussillon;Vin de Pays d'Oc;rouge;2010;75 cl;21.05.12;6.5;6.5;1;3;1;3;1;;;par Franck;En direct du producteur
Domaine Grand Romane;France;Vallée du Rhône;Gigondas;rouge;2012;75 cl;16.01.16;0;0;1;1;4;10;4;;;offert par Jérôme et Stéphanie;Cadeau
Domaine Henri Darnat - 1er Cru Aux Coucherias;France;Bourgogne;Beaune;rouge;2013;75 cl;14.08.16;0;30;1;1;4;12;8;;;offert par Anthony Mahut;Cadeau
Domaine Henri Delagrange - Vieilles Vignes;France;Bourgogne;Volnay;rouge;2013;75 cl;01.11.15;23.5;23.5;2;6;2;8;5;Il accompagnera très bien les plats à base de volailles patiemment rôties ou laquées ainsi que les fromages crémeux. . Température de service : 14 à 16 °C;Vin de couleur rubis, à la fois tendre et savoureux, qui exhale des parfums d?une grande finesse, comme les petits fruits rouges (framboise, mûre) et la violette. Vins au caractère féminin.;Le cellier volnaysien;Agent / Représentant
Domaine Jean Bourdy;France;Jura;Château-Châlon;vin jaune;1969;62,5 cl;26.07.09;0;215;1;1;7;200;0;;Offerte par Nath pour mes 40 ans;;Non défini
Domaine Jean Collet et Fils - 1er Cru Vaillons;France;Bourgogne;Chablis;blanc;2006;75 cl;25.12.09;0;0;1;1;2;15;5;Accords mets : Le Vaillons mérite d'être associé aux mets de choix: poissons, charcuterie fine, volailles ou viandes blanches.;Notre Vaillons présente l'intérêt de pouvoir être bu selon l'envie de l'amateur: rapidement pour profiter du fruit mais il sera à sa plénitude après 3 à 6 ans de bouteille.. ;Cadeau noël 2009 Loïc St Max;Caviste
Domaine Jean Macle;France;Jura;Côtes du Jura;blanc;2003;1,5 l;20.02.09;37.6;37.6;1;1;2;5;0;;eBay, frais de port inclus;;Non défini
Domaine Jean Macle;France;Jura;Château-Châlon;vin jaune;2000;62,5 cl;24.07.09;37;37;2;2;4;30;4;;Attendre les 20 ans soit 2020.. Ne craint pas bcp les variations non brusques de température. Craint un peu l'humidité. Autant les conserver dans un endroit pas trop humide, en haut de la cave.;;Non défini
Domaine Jean Macle;France;Jura;Château-Châlon;vin jaune;2002;62,5 cl;24.07.09;36;36;2;2;4;30;4;;Attendre les 20 ans soit 2020.. Ne craint pas bcp les variations non brusques de température. Craint un peu l'humidité. Autant les conserver dans un endroit pas trop humide, en haut de la cave.;;Non défini
Domaine Jean Macle;France;Jura;Macvin du Jura;vin blanc muté;-;75 cl;24.07.09;18;18;1;1;1;5;0;;Se conserve infiniment même une fois ouvert.;;Non défini
Domaine Jo Pithon;France;Vallée de la Loire;Quarts de Chaume;blanc liquoreux;2011;50 cl;02.06.13;40;40;1;1;4;25;4;;Foire aux vins Arbusigny;;En direct du producteur
Domaine Le Conte des Floris - Villafranchien;France;Languedoc-Roussillon;Côteaux du Languedoc;rouge;2010;75 cl;06.09.12;0;0;1;1;2;5;2;Cassoulet !;Offert avec le cassoulet qui va bien...;Par Franck et Cécile ;Cadeau
Domaine Lezin;France;Vallée du Rhône;Condrieu;blanc;2010;75 cl;18.07.14;0;25;1;1;3;10;3;;;Offet par Pierre et Françoise Vergès;Cadeau
Domaine Louis Magnin, Grand Orgue;France;Savoie, Dauphiné et Bugey;Vin de Savoie Chignin-Bergeron;blanc;2005;75 cl;17.05.09;15;15;1;2;1;15;0;;;;Non défini
Domaine Luc Boilley;France;Jura;Côtes du Jura;vin jaune;1997;62 cl;03.04.09;28;28;2;2;10;150;10;Attendre...;Cuvée Tradition, 120 mois en cuve, càd 10 ans sous voile au lieu des 6 ans et 3 mois demandés pour l'appellation vin jaune.;;Non défini
Domaine Luc Boilley - Savagnin;France;Jura;Côtes du Jura;blanc;2005;75 cl;23.04.16;0;0;1;2;2;10;2;;;apparemment supprimés par erreur de la cave;En direct du producteur
Domaine Luc Boilley - Savagnin;France;Jura;Côtes du Jura;blanc;1995;75 cl;23.04.16;0;0;1;1;2;5;2;;;sortie par erreur apparemment;Non défini
Domaine Luc Boilley - Savagnin de gelée;France;Jura;Côtes du Jura;blanc liquoreux;2002;37,5 cl;24.07.09;13;13;1;3;5;25;0;;Oxydatif léger, ne craint que peu les variations progressives de température.;;Non défini
Domaine Marc Colin - 1er Cru sous roche Dumay;France;Bourgogne;Saint Aubin;blanc;2012;75 cl;25.02.17;27;27;5;6;3;15;3;;déjà bon à boire.. A réserver pour les connaisseurs, ce vin est un grand vin. Présent notamment à l'Elysée et dans les grands étoilés.;Caveau de St Aubin;En direct du producteur
Domaine Marcel Deiss - Berckem;France;Alsace et Lorraine;Alsace;blanc;2011;75 cl;07.05.14;20;20;1;3;1;8;1;plats épicés;;Domaine Marcel Deiss;En direct du producteur
Domaine Marcel Deiss - Berckem;France;Alsace et Lorraine;Alsace;blanc;2013;75 cl;20.04.16;21;21;3;3;1;12;5;pâté croûte, quiches, plats en cocotte, viandes blanches, comté, morbier, appenzeller.;servir à 10°. Complantation de 15 cépages alsaciens.. demi-sec. expression aromatique calcaire intense.;chez Deiss, Bergheim;En direct du producteur
Domaine Marcel Deiss - Berckem;France;Alsace et Lorraine;Alsace;blanc;2014;75 cl;20.04.16;0;21;1;1;1;12;5;;"millésime plus difficile, la mouche a supprimé les pinots et le gewurztraminer. Ce millésime est donc plus sec, mais aussi plus acide, du fait de la dominance de riesling.. Millésime &quot;hors norme&quot; pour le Berkem. ";chez Deiss, Bergheim;Non défini
Domaine Marcel Deiss - Burlenberg;France;Alsace et Lorraine;Alsace;rouge;2002;75 cl;08.04.09;24;24;1;3;2;10;0;A carafer impérativement 2 à 3h. Sur toutes les viandes rouges.;Grand vin rouge à la robe rubis. Le nez d?une rare violence fruitée (framboise noire, cassis, mûre, noix de muscade et fumée) rebondit sur la bouche toute entière épicée par ses tanins brûlés si caractéristiques du Burlenberg. D?un tempérament volcanique,;;Non défini
Domaine Marcel Deiss - Burlenberg;France;Alsace et Lorraine;Alsace;rouge;2004;75 cl;07.05.14;32;32;1;3;1;20;1;;Vinifié par Jean-Michel Deiss, tout en puissance et structure;Domaine Marcel Deiss;En direct du producteur
Domaine Marcel Deiss - Burlenberg;France;Alsace et Lorraine;Alsace;rouge;2008;75 cl;07.05.14;32;32;2;3;1;20;8;;le 1er vinifié par Mathieu;Domaine Marcel Deiss;En direct du producteur
Domaine Marcel Deiss - Burlenberg;France;Alsace et Lorraine;Alsace;rouge;2009;75 cl;16.04.15;29;29;3;3;10;25;10;;à attendre un peu;chez Deiss;En direct du producteur
Domaine Marcel Deiss - Gewurztraminer Vendanges Tardives;France;Alsace et Lorraine;Alsace Gewurztraminer;blanc liquoreux;2012;75 cl;07.05.14;42;42;2;3;2;25;2;;;Domaine Marcel Deiss;En direct du producteur
Domaine Marcel Deiss - Grand Cru Altenberg de Bergheim;France;Alsace et Lorraine;Alsace;blanc;1997;75 cl;27.05.11;65;65;1;2;1;15;1;;;Bergheim;En direct du producteur
Domaine Marcel Deiss - Grand Cru Altenberg de Bergheim;France;Alsace et Lorraine;Alsace;blanc;2007;75 cl;15.04.15;58;58;1;3;7;15;8;;déjà prêt, à boire jusqu'à 2022;chez Deiss;En direct du producteur
Domaine Marcel Deiss - Grand Cru Altenberg de Bergheim;France;Alsace et Lorraine;Alsace;blanc;2015;75 cl;24.10.16;50;50;2;2;1;20;1;;livraison probable début 2018 - déjà payé;Achats en primeur;En direct du producteur
Domaine Mas Pignou - Les Hauts de Laborie;France;Sud-Ouest;Gaillac;rouge;2011;75 cl;29.12.14;5.2;5.2;2;6;2;5;2;;;au boulot par Séb;En direct du producteur
Domaine Michel Voarick;France;Bourgogne;Corton-Charlemagne;blanc;2010;75 cl;18.03.12;50;50;1;2;4;20;10;;;Aloxe Corton;En direct du producteur
Domaine Michel Voarick;France;Bourgogne;Aloxe-Corton;rouge;2009;75 cl;16.03.12;20;20;2;6;4;10;4;;;Aloxe Corton;En direct du producteur
Domaine Michel Voarick, Grand Cru Renardes;France;Bourgogne;Corton suivi ou non du climat;rouge;2010;75 cl;17.03.12;42;42;2;2;4;15;8;;;Aloxe Corton;En direct du producteur
Domaine Odoul Coquard;France;Bourgogne;Chambolle-Musigny;rouge;2010;75 cl;10.11.12;22;22;1;3;6;15;6;;;Foire aux vins sevrier;En direct du producteur
Domaine Paillère et Pied Gu;France;Vallée du Rhône;Gigondas;rouge;2010;75 cl;23.10.14;12.5;12.5;3;3;4;10;7;;;Caveau de gigondas;En direct du producteur
Domaine Prieuré Saint Christophe - Mondeuse tradition;France;Savoie, Dauphiné et Bugey;Vin de Savoie;rouge;2004;75 cl;17.05.09;15;15;1;1;2;20;0;;;;Non défini
Domaine Puffeney - Savagnin;France;Jura;Arbois;blanc;2007;75 cl;13.11.11;13;13;2;3;1;15;8;;par Franck et Cécile;Montigny les Arsures;En direct du producteur
Domaine Richaud;France;Vallée du Rhône;Cairanne;rouge;2013;75 cl;23.10.14;14;14;1;6;2;5;2;;;Cairanne;En direct du producteur
Domaine Roblot-Marchand;France;Bourgogne;Chambolle-Musigny;rouge;2010;75 cl;25.12.13;0;40;1;1;3;15;3;;Cadeau noël 2013 Maryse;noël 2013;Caviste
Domaine Sébastien Magnien - Les Grands Charrons;France;Bourgogne;Meursault;blanc;2008;75 cl;26.11.10;18;18;1;3;3;15;3;;;chez le producteur;En direct du producteur
Domaine Sébastien Magnien - Les Perrières;France;Bourgogne;Pommard;rouge;2008;75 cl;20.11.11;20;20;2;3;5;25;5;;;salon des vins de Saint Jean de Maurienne;Salon de vignerons
Domaine Sébastien Magnien Premier Cru Les Aigrots;France;Bourgogne;Beaune;rouge;2008;75 cl;26.11.10;15;15;2;2;4;12;4;;;chez le producteur;En direct du producteur
Domaine Thierry Mortet;France;Bourgogne;Gevrey-Chambertin;rouge;2009;75 cl;09.11.13;0;0;1;1;4;15;4;;;offert par Gaelle et Sébastien;Cadeau
Domaine Vayssette - cuvée Thibault;France;Sud-Ouest;Gaillac;rouge;2010;75 cl;10.11.12;7.8;7.8;1;6;2;10;5;;;Foire aux vins Sevrier;Non défini
Domaine Vayssette - Doux Tradition;France;Sud-Ouest;Gaillac;blanc moëlleux;2010;75 cl;10.11.12;7.65;7.65;3;3;3;20;12;;;Foire aux vins Sevrier;En direct du producteur
Domaine Vigneau-Chevreau - Clos de Rougemont;France;Vallée de la Loire;Vouvray;blanc;2014;75 cl;23.07.16;9.4;9.4;3;5;4;10;4;;le clos Rougemont est plus susceptible de se garder entre 8 et 10 ans;chez le vigneron;En direct du producteur
Domaine Vigneau-Chevreau - Petillant Brut;France;Vallée de la Loire;Vouvray;blanc effervescent;2014;75 cl;23.07.16;7;7;2;3;1;4;1;;moins de bulles d'un brut méthode traditionnelle, moins de pression. Spécialité du coin.;directement chez le producteur dans la loire;En direct du producteur
Domaine Weinbach - Cuvée Sainte Catherine I;France;Alsace et Lorraine;Alsace Pinot gris;blanc;2008;75 cl;07.05.11;29;29;1;3;4;10;4;;;Kaysersberg;En direct du producteur
Domaine Weinbach -r Altenbourg;France;Alsace et Lorraine;Alsace Gewurztraminer;blanc;2008;75 cl;07.05.11;32;32;1;3;1;15;10;;;Kaysersberg;En direct du producteur
Domaine Weinbach L'Inédit - Grand Cru Schlossberg Cuvée Ste Catherine;France;Alsace et Lorraine;Alsace Riesling;blanc;2009;75 cl;07.05.11;52;52;1;3;3;15;3;;moelleux puis sec;Kaysersberg;En direct du producteur
Dominique Lucas - Petits grains;France;Bourgogne;Bourgogne Hautes Côtes de Beaune;rouge;2010;75 cl;12.04.14;20;25;2;3;3;10;3;;réduc de 20%;Dominique Lucas(commande);Salon de vignerons
Dominique Lucas - Un matin face au lac;France;Savoie, Dauphiné et Bugey;Vin de Pays d'Allobrogie;blanc;2014;75 cl;21.09.16;14.5;14.5;5;6;1;2;1;;;par Yann Cena chez ses copains;Caviste
Eugène Klipfel Gewurztraminer;France;Alsace et Lorraine;Alsace Gewurztraminer;blanc;2009;37,5 cl;21.04.12;0;5;1;1;1;5;1;;"Offert par gite &quot;Chez Dany&quot; pour notre fidélité à la chambre d'hôtes";Gerstheim;Cadeau
Georges Millérioux et Fils;France;Vallée de la Loire;Sancerre;blanc;2011;75 cl;24.03.13;8;8;3;5;2;5;2;;;salon des vins de Cruseilles;Salon de vignerons
Gran Sello - Tempranillo Syrah;Espagne;Castille-Leon;Tierra de Leon;rouge;2014;75 cl;04.03.17;0;10;1;1;1;5;1;;;offert par Mabrouk;Cadeau
Henri Prudhon et Fils ;France;Bourgogne;Bourgogne Aligoté;blanc;2014;75 cl;25.02.17;0;10;1;1;1;5;1;;;Caveau de St Aubin(offert);En direct du producteur
Jacques Maillet - Cuvée Autrement;France;Savoie, Dauphiné et Bugey;Vin de Savoie Chautagne;rouge;2012;75 cl;30.11.14;0;0;1;1;1;5;1;;;offert par Alain et Paula;Cadeau
Jacques Puffeney;France;Jura;Arbois;vin jaune;1999;62 cl;10.11.07;29;29;1;1;4;30;0;;laisser vieillir encore une dizaine d'année pour qu'il donne le meilleur de lui même.;;Non défini
Jacques Puffeney;France;Jura;Arbois;vin jaune;1997;62 cl;10.11.07;28;28;1;1;4;30;0;;très développé déjà. Bon à boire dès maintenant et pendant très longtemps.;;Non défini
Jacques Puffeney;France;Jura;Arbois;vin de paille;2003;37,5 cl;10.11.07;22;22;1;1;4;30;0;;;;Non défini
Jacques Puffeney;France;Jura;Arbois;vin jaune;2003;75 cl;13.11.11;30;30;2;2;7;30;20;;par Franck et Cécile;Montigny les Arsures;En direct du producteur
Jean-Claude Trapet - Le Parc Tastevinage;France;Bourgogne;Bourgogne Hautes Côtes de Nuits;rouge;2011;75 cl;01.11.15;12;12;2;9;3;10;3;;;chez Trapet;En direct du producteur
Jean-Claude Trapet - Les Fournaches Tastevinage;France;Bourgogne;Bourgogne Hautes Côtes de Nuits;rouge;2010;75 cl;01.11.15;12;12;5;9;3;10;3;;;chez Trapet;En direct du producteur
Josmeyer - Sélection de grains nobles;France;Alsace et Lorraine;Alsace Pinot gris;blanc liquoreux;1995;50 cl;04.04.16;27.6;28;2;3;15;40;25;;;ventes privées;Vente par correspondance
La Bartavelle;France;Savoie, Dauphiné et Bugey;Vin de Savoie Chignin-Bergeron;blanc;2008;75 cl;19.03.11;0;0;1;1;1;5;1;;Offert par Eric pour mes 42 ans;;Cadeau
la coulée d'ambrosia - o2 vigne;France;Autre région;Vin de Table - Vin de France;vin jaune;2005;75 cl;29.07.11;14.5;14.5;1;3;5;15;10;;oxydatif, naturel;Beaulieu sur Layon;En direct du producteur
La Coulée d'Ambrosia - Villageois ;France;Autre région;Vin de Table - Vin de France;rouge;2010;75 cl;29.07.11;10;10;3;7;1;5;3;;;Beaulieu sur Layon;En direct du producteur
Lambert de Seyssel, Royal Seyssel Carte Noire;France;Savoie, Dauphiné et Bugey;Seyssel;blanc effervescent;2010;75 cl;29.12.16;0;0;1;1;1;4;1;;;offert ? par qui ?;Cadeau
LDVIN;France;Bordeaux;Sauternes;blanc liquoreux;2012;37,5 cl;24.12.15;13;13;2;6;5;30;5;;;par Franck Merloz;En direct du producteur
Le Clos d'un Jour - La Cuvée d'un Jour;France;Sud-Ouest;Cahors;rouge;2009;75 cl;16.03.13;0;18;1;1;5;15;5;;;offert par Franck et Cécile;Cadeau
Le Clos d'un Jour - Un Jour sur Terre;France;Sud-Ouest;Cahors;rouge;2010;75 cl;05.01.13;13;13;2;3;5;15;5;;;commandé chez le producteur;En direct du producteur
Le sot de l'ange - brut nature;France;Vallée de la Loire;Crémant de Loire;blanc effervescent;2008;75 cl;22.10.16;0;0;1;1;1;15;9;;;Offert par YannbCena;Cadeau
Léo de La Gaffelière;France;Bordeaux;Saint Emilion;rouge;2013;75 cl;25.10.15;9.75;9.75;2;2;4;12;4;;;carrefour market Cruseilles;Grande surface
Les Fils de René Quenard - La Bergeronelle;France;Savoie, Dauphiné et Bugey;Vin de Savoie Chignin-Bergeron;blanc;2012;75 cl;30.11.14;0;0;1;1;1;5;1;;;offert par Alain et Paula;Cadeau
Lustau - East India Solera;Espagne;Andalousie;Jerez Xérès Sherry;vin blanc muté;-;75 cl;04.07.09;15.9;15.9;2;3;10;15;0;Accords: desserts au chocolat, cake, en vin de méditation;Cette spécialité de la maison Lustau est un des fleurons des vins de dessert de la gamme. D'une grande richesse en bouche, on adore la complexité aromatique de ce vin aux arômes envoûtant de figue, de pruneau et de caramel.. . East India Solera est un ass;;Non défini
Lustau - Papirusa;Espagne;Andalousie;Manzanilla de Sanlúcar de Barrameda;vin blanc muté;-;75 cl;04.07.09;9.9;9.9;2;3;1;5;0;Il sera idéal, très frais à l?apéritif, sur des tapas ou sur des plats épicés.. . . ;Découvrez la première cuvée de manzanilla de la maison Lustau, un jerez produit à partir du cépage palomino fino élevé sous voile. Il s?agit d?un vin blanc au nez d?arômes de noisette et d?épices. En bouche, l?attaque est ronde, avec du gras mais bien équ;;Non défini
M. Chapoutier;France;Vallée du Rhône;Crozes-Hermitage;rouge;2008;75 cl;12.09.10;9.95;9.95;1;2;4;10;4;;;FAV Auchan 2010;Grande surface
Marcel Deiss;France;Alsace et Lorraine;Alsace;blanc;2013;75 cl;15.04.15;13;13;3;5;1;5;1;;;chez Deiss;En direct du producteur
Marcel Deiss;France;Alsace et Lorraine;Alsace Pinot Noir;rouge;2009;75 cl;16.04.15;15;15;1;3;2;10;2;;;chez Deiss;En direct du producteur
Marcel Deiss - Engelgarten;France;Alsace et Lorraine;Alsace;blanc;2011;75 cl;07.05.14;25;25;1;2;1;10;7;;;Domaine Marcel Deiss;En direct du producteur
Marcel Deiss - Grand Cru Mambourg;France;Alsace et Lorraine;Alsace Riesling;blanc;2015;75 cl;24.10.16;50;50;2;2;2;20;2;;livraison probable début 2018 - déjà payé;Achats en primeur;Non défini
Marcel Deiss - Grand Cru Schoenenbourg;France;Alsace et Lorraine;Alsace;blanc;2010;75 cl;16.04.15;62;62;2;3;8;17;10;;;chez Deiss;En direct du producteur
Marcel Deiss - Grand Cru Schoenenbourg;France;Alsace et Lorraine;Alsace;blanc;2015;75 cl;24.10.16;50;50;2;2;1;20;1;;livraison probable début 2018 - déjà payé;;Non défini
Marcel Deiss - Grasberg;France;Alsace et Lorraine;Alsace;blanc;2011;75 cl;20.04.16;34;34;3;3;1;15;8;foie gras poêlé ou terrine, salade de langoustines ou homard et vinaigrette aux agrumes, cuieine asiatique à base de gingembre, canard à l'orange, crêpes suzette.;carafer 1h avant service.. servir à 10°.;chez Deiss, Bergheim;En direct du producteur
Marcel Deiss - Gruenspiel;France;Alsace et Lorraine;Alsace;blanc;2008;75 cl;07.05.14;30;30;1;2;1;12;1;;;Domaine Marcel Deiss;En direct du producteur
Marcel Deiss - Gruenspiel;France;Alsace et Lorraine;Alsace;blanc;2010;75 cl;20.04.16;30;30;3;3;1;15;8;Veau, belles volailles, tartare de boeuf, gibier à plume, poisson aux épices, fromage (comté, époisse, munster, mimolette affinée);servir à 10°. généralement sec, serré, profond et tannique.  Arômes de chocolat, poire fumée et épices. velouté et complexe en milieu de bouche, persistant et explosif en finale.;chez Deiss, Bergheim;En direct du producteur
Marcel Deiss - Huebuhl de Bergheim;France;Alsace et Lorraine;Alsace;blanc;2007;75 cl;07.05.11;29;29;1;3;2;15;10;;;Bergheim;En direct du producteur
Marcel Deiss - Langenberg;France;Alsace et Lorraine;Alsace;blanc;2008;75 cl;07.05.11;23;23;1;3;1;15;8;;;Bergheim;En direct du producteur
Marcel Deiss - Rotenberg;France;Alsace et Lorraine;Alsace;blanc;2009;75 cl;07.05.14;29;29;1;2;1;12;1;;;Domaine Marcel Deiss;En direct du producteur
Marcel Deiss - Rotenberg;France;Alsace et Lorraine;Alsace;blanc;2011;75 cl;20.04.16;0;31;1;1;1;15;1;Produits de la mer (gambas, St Jacques), poissons nobles (pavé de bar grillé sauce à l'orange, rôti de lotte et sabayon à la mandarine, langoustes tièdes aux agrumes), foie gras frais ou poêlé, poulet (Tandori ou au gingembre), fromage de chèvre frais.;servir à 10°.. Vin fruité, séducteur, citronné et vibrant. Nez de mandarine charnue. Après aération : senteurs de terre fraîchement remuée, de fleur d'oranger et de framboise.;chez Deiss, Bergheim;En direct du producteur
Marcel Deiss - Vendanges Tardives;France;Alsace et Lorraine;Alsace Pinot gris;blanc moëlleux;2003;75 cl;07.05.14;36;36;2;3;4;18;4;;;Domaine Marcel Deiss;En direct du producteur
Mas de Daumas Gassac;France;Languedoc-Roussillon;Vin de Pays de l'Hérault;rouge;2013;75 cl;12.06.15;30;30;1;3;7;15;10;;;par Yann Cena;Achat sur Internet
Mas de Daumas Gassac;France;Languedoc-Roussillon;Vin de Pays de l'Hérault;blanc;2014;75 cl;22.11.15;19;19;2;3;1;15;1;;primeurs réglé 168.45 Euros 3 blancs et 6 rouges, livrés;primeurs avec Pierre Tatzber;En direct du producteur
Mas de Daumas Gassac;France;Languedoc-Roussillon;Vin de Pays de l'Hérault;rouge;2014;75 cl;22.11.15;19;19;6;6;8;20;10;;primeurs réglé 168.45 Euros 3 blancs et 6 rouges, livrés;commandé au domaine en primeur;En direct du producteur
Mas de Daumas Gassac;France;Languedoc-Roussillon;Vin de Pays de l'Hérault;rouge;2015;75 cl;24.10.16;19.5;22;12;12;1;15;10;;via Pierre Tatzber - payé;Achats en primeur;En direct du producteur
Mestre Père et Fils - 1er cru Clos Faubard;France;Bourgogne;Santenay;rouge;2009;75 cl;14.03.14;23;23;3;3;6;10;6;;plus un vin pour du gibier. N'évoluera plus (positivement) après 2015;Santenay;En direct du producteur
Mestre Père et Fils - 1er Cru Gravières;France;Bourgogne;Santenay;rouge;2009;75 cl;14.03.14;23;23;3;3;4;8;5;;n'évoluera plus positivement ou presque. Déjà à maturité en 2014;Santenay;Non défini
Mestre Père et Fils - Chassagne-Montrachet;France;Bourgogne;Chassagne-Montrachet;blanc;2012;75 cl;14.03.14;25;25;1;3;4;12;6;;;Santenay;Enchères en ligne
Mestre Père et Fils - Tonton Marcel 1er cru Monopole;France;Bourgogne;Chassagne-Montrachet;blanc;1997;75 cl;14.03.14;50;50;1;1;3;18;15;;pour les 18 ans de Rémi !;Santenay;En direct du producteur
Mestre Père et Fils - Tonton Marcel 1er cru Monopole;France;Bourgogne;Chassagne-Montrachet;blanc;2010;75 cl;14.03.14;39;39;2;2;10;18;10;;attendre au moins les 10 ans;Santenay;En direct du producteur
Michel Chapoutier;France;Vallée du Rhône;Saint Joseph;blanc;2007;75 cl;12.09.10;13.35;13.35;2;3;1;5;1;;;FAV Auchan 2010;Grande surface
Olivier Leflaive;France;Bourgogne;Volnay;rouge;2011;75 cl;01.11.15;28;28;4;6;3;10;3;Les Volnay sont des vins féminins. Evoluants sur une palette aromatique allant des fruits rouges à violette, leur rondeur les rend très séduisants, que les tanins soient onctueux ou plus durs. C'est un vin racé, élégant et grand représentant de la Côte de Beaune.. Idéal avec les volailles rôties ou laquées, les gibiers à plumes, rôtis ou en civet, le couscous ou le tajine à la viande et à la volaille, les fromages aux saveurs affirmées.. 17-19°C;"Ensemble d'achats de raisins dans des lieux-dits différents et complémentaires (Echards, Grands Champs, Poisots, Famines), assemblés directement dans les cuves de vinification.. La terre de Volnay est plus légère et caillouteuse que celle de son voisin &quot;Pommard&quot; et produit des vins élégants et fruités.";Chez Olivier Leflaive, Puligny;En direct du producteur
Olivier Leflaive - 1er Cru Champ Gain;France;Bourgogne;Puligny-Montrachet;blanc;2010;75 cl;01.11.15;53;53;3;3;3;12;8;Idéal avec le saumon frais, les écrevisses à la crème, les coquilles Saint Jacques aux cèpes.. 12-14°C;Un classique de la maison: nez sur les épices, pêche blanche, toast beurré. La bouche est de belle matière offrant un grain fin et de belle longueur.;Chez Olivier Leflaive, Puligny;En direct du producteur
Olivier Leflaive - 1er Cru Les Referts;France;Bourgogne;Puligny-Montrachet;blanc;2010;75 cl;01.11.15;54;54;3;3;3;12;8;;;Chez Olivier Leflaive, Puligny;En direct du producteur
Olivier Leflaive - Les Tillets;France;Bourgogne;Meursault;blanc;2011;75 cl;01.11.15;36;36;2;3;3;8;7;Idéal avec les poissons grillés (sole meunière) ou en sauce, les viandes blanches grillées ou en sauce, les gratins, les légumes verts et le fromage de chèvre.Foies gras,homard, langoute grillés, poissons grillés poelés, poissons sauce crémée, volailles;Arôme puissant de citron. Bonne attaque en bouche. Lumineux et vibrant. Vin minéral, aux arômes d'agrume avec une belle et longue finale.;Chez Olivier Leflaive, Puligny;En direct du producteur
Rigal - L'instant truffier;France;Sud-Ouest;Vin de Pays du Comté Tolosan;rouge;2015;75 cl;18.09.16;3.3;3.3;2;3;1;5;1;;FAV Auchan 2016;Auchan;Grande surface
Schlegel Boeglin - Grand Cru Zinnkoepfle Vendanges Tardives;France;Alsace et Lorraine;Alsace Gewurztraminer;blanc moëlleux;2005;75 cl;14.02.09;0;0;1;1;10;40;0;à garder le + longtemps possible !;Saint Valentin 2009 de la part de Nath :-);;Non défini
Tardieu-Laurent - Les Ramades - Vieilles Vignes;France;Vallée du Rhône;Crozes-Hermitage;rouge;2007;75 cl;15.09.09;12.95;12.95;1;2;1;5;0;;FAV Auchan 09-2009;;Non défini
Treuffet Père et Fils - carte blanche brut;France;Champagne;Champagne;blanc effervescent;-;75 cl;23.12.13;12.9;12.9;1;6;2;10;2;;;Par Lionel;En direct du producteur
Trimbach;France;Alsace et Lorraine;Alsace Gewurztraminer;blanc;2013;75 cl;14.02.15;13.7;13.7;1;3;1;5;1;;un jour un vin;par Yann Cena;Achat sur Internet
Valentina Andrei - Arvine Combe de Noutse;Suisse;Valais;Valais;blanc;2015;75 cl;29.01.17;45;45;1;1;1;7;1;;;Lavinia Genève;Caviste
Van Volxem - Rotschiefer Riesling Kabinett;Allemagne;Mosel-Saar-Ruwar;Mosel-Saar-Ruwar;blanc;2008;75 cl;12.10.11;19;19;1;1;1;10;1;;;Lavinia Genève;Caviste
Vega Sicilia - Tinto Valbuena 5°;Espagne;Castille-Leon;Ribera del Duero;rouge;2007;75 cl;20.04.16;96.4;96.4;2;3;10;20;15;Ce vin s?accommode très bien avec des plats de légumes, de la volaille ou des viandes rôties (agneau, b?uf), des ragoûts, mais aussi du foie gras, de la charcuterie et du jambon 100% Ibérico de Bellota.;On y retrouve les traits caractéristiques de le maison Vega Sicilia : une couleur cerise avec un liseré orangé, l?expression de son degré d?alcool, la trace de sa parfaite évolution oxydative due à son vieillissement en fût de chêne. Un vin rouge pour qui le temps est nécessaire afin de gagner en complexité.. Au nez sont présents des parfums de fruits rouges bien mûrs et de fruits compotés. Il se détache ainsi le souvenir de la variété des cépages présents. En bouche il est rond, équilibré, frais et doux en tanin, tout à la fois vineux et fruité.. ;Vinissimus;Achat sur Internet
Venta Mazarrón;Espagne;Castille-Leon;Tierra del Vino de Zamora;rouge;2005;75 cl;03.12.08;9.75;9.75;1;2;5;10;0;Rôti, viande: grillée, fromage: mûr, servir entre 16 et 18°;Denner Genève.. . Vino de la Tierra de Zamora, Espagne. 91 points Robert Parker (millésime 2005);;Non défini
Vignerons des Terres Secrètes - Secret de la Vigneronne;France;Autre région;Vin de Table - Vin de France;blanc liquoreux;-;75 cl;04.08.15;0;0;1;1;1;3;1;;;Offert par Laurent et Dominique;Cadeau
Vignoble de Gascogne, Batz d'Autan;France;Sud-Ouest;Saint-Mont;blanc;2006;75 cl;17.01.08;4.1;4.1;2;2;2;5;0;;Auchan;;Non défini
Vincent Couche - Perle de Nacre;France;Champagne;Champagne;blanc effervescent;-;75 cl;27.08.14;23;23;2;3;2;10;2;;;par Franck et Cécile;En direct du producteur
Vinya Ivo - S'Alqueria;Espagne;Catalogne;Ampurdán-Costa Brava ou Empordà;rouge;2006;75 cl;02.07.16;30;50;1;3;1;10;1;;Par Franck.. Ivo Pagès est un ami.. J'ai bcp aimé celle que j'avais goûtée;Allonzier La Caille à la maison;En direct du producteur
Weingut Jos. Christoffel Jr Graacher Domprobst Riesling Spätlese;Allemagne;Mosel-Saar-Ruwar;Mosel-Saar-Ruwar;blanc liquoreux;1999;75 cl;03.05.11;10;10;1;3;5;20;15;;L?année 1999 a connu un été chaud, avec en septembre quelques pluies, vite effacées par un doux mois d?octobre, ce qui a permis parfois l?apparition du botrytis. On retrouve donc ici un spätlese 1999 aromatique, doté de jolies notes de fruits confits. En bouche, les 46 g/l de sucres résiduels sont présents mais bien intégrés dans un ensemble ample, généreux, soutenu par une élégante fraîcheur. Vous pouvez apprécier ce vin dès à présent, ou bien le laisser évoluer encore quelques années en cave;Caveprivée.com;Achat sur Internet
Yves Girard Madoux;France;Savoie, Dauphiné et Bugey;Vin de Savoie Chignin-Bergeron;blanc;2007;75 cl;03.05.08;6.5;6.5;2;4;4;15;0;;Par Franck Merloz;;Non défini
